id,name,nvar,ncon,nequ,status,objective,elapsed_time,iter,dual_feas,primal_feas,neval_obj,neval_grad,neval_cons,neval_jcon,neval_jgrad,neval_jac,neval_jprod,neval_jtprod,neval_hess,neval_hprod,neval_jhprod,neval_residual,neval_jac_residual,neval_jprod_residual,neval_jtprod_residual,neval_hess_residual,neval_jhess_residual,neval_hprod_residual,extrainfo
1,AKIVA,2,0,0,max_time,NaN,30.00007700920105,244164,NaN,0.0,6348240,488328,0,0,0,0,0,0,0,0,0,0,0,0,0,0,0,0,
2,ALLINITU,4,0,0,first_order,5.7443849103203375,0.00032782554626464844,12,8.861911186331151e-9,0.0,15,14,0,0,0,0,0,0,0,0,0,0,0,0,0,0,0,0,
3,ARGLINA,200,0,0,first_order,199.99999999999787,0.002599000930786133,2,1.5319112580834624e-13,0.0,4,4,0,0,0,0,0,0,0,0,0,0,0,0,0,0,0,0,
4,ARGLINB,200,0,0,first_order,99.62546834719139,0.004410982131958008,2,6451.004295577448,0.0,28,4,0,0,0,0,0,0,0,0,0,0,0,0,0,0,0,0,
5,ARGLINC,200,0,0,first_order,101.12547073775671,0.004454851150512695,2,7035.728077197199,0.0,28,4,0,0,0,0,0,0,0,0,0,0,0,0,0,0,0,0,
6,ARGTRIGLS,200,0,0,first_order,4.238513848321308e-12,0.5290079116821289,789,3.369040342883495e-5,0.0,815,804,0,0,0,0,0,0,0,0,0,0,0,0,0,0,0,0,
7,BA-L1LS,57,0,0,first_order,4.404730814888196e-12,0.0040740966796875,21,0.007891426820980135,0.0,40,25,0,0,0,0,0,0,0,0,0,0,0,0,0,0,0,0,
8,BA-L1SPLS,57,0,0,first_order,3.5362932395949318e-12,0.004973888397216797,26,0.006917968838778076,0.0,45,30,0,0,0,0,0,0,0,0,0,0,0,0,0,0,0,0,
9,BARD,3,0,0,first_order,0.008214877306583308,0.0005021095275878906,25,2.2489045245804296e-7,0.0,31,28,0,0,0,0,0,0,0,0,0,0,0,0,0,0,0,0,
10,BEALE,2,0,0,first_order,3.8635844019686286e-14,0.00034689903259277344,13,2.795276235994649e-7,0.0,21,18,0,0,0,0,0,0,0,0,0,0,0,0,0,0,0,0,
11,BENNETT5LS,3,0,0,first_order,0.0005389456249461876,0.005706787109375,31,0.00335672746764629,0.0,51,36,0,0,0,0,0,0,0,0,0,0,0,0,0,0,0,0,
12,BIGGS6,6,0,0,first_order,0.005655649809533361,0.0013179779052734375,57,7.001042356896694e-9,0.0,79,67,0,0,0,0,0,0,0,0,0,0,0,0,0,0,0,0,
13,BOX3,3,0,0,first_order,6.43540577368104e-16,0.0004949569702148438,27,2.6268652667255247e-8,0.0,31,30,0,0,0,0,0,0,0,0,0,0,0,0,0,0,0,0,
14,BOXBODLS,2,0,0,first_order,9771.499999995156,0.0001780986785888672,3,4.8508058823321766e-9,0.0,6,5,0,0,0,0,0,0,0,0,0,0,0,0,0,0,0,0,
15,BRKMCC,2,0,0,first_order,0.16904267919645036,0.0002200603485107422,8,8.381477154670776e-9,0.0,13,10,0,0,0,0,0,0,0,0,0,0,0,0,0,0,0,0,
16,BROWNAL,200,0,0,first_order,1.4737938498108177e-9,0.003935098648071289,10,1.0858511549657689e-5,0.0,27,13,0,0,0,0,0,0,0,0,0,0,0,0,0,0,0,0,
17,BROWNBS,2,0,0,first_order,1.1464906165404427e-16,0.00023698806762695312,13,0.020734490568962424,0.0,16,16,0,0,0,0,0,0,0,0,0,0,0,0,0,0,0,0,
18,BROWNDEN,4,0,0,first_order,85822.20135244139,0.0007119178771972656,27,0.011760290949483278,0.0,49,34,0,0,0,0,0,0,0,0,0,0,0,0,0,0,0,0,
19,CERI651ALS,7,0,0,first_order,350.28152977619607,0.027760982513427734,365,0.07977792999113542,0.0,571,435,0,0,0,0,0,0,0,0,0,0,0,0,0,0,0,0,
20,CERI651BLS,7,0,0,first_order,95.8966299592522,0.13468003273010254,1746,0.0006929185391040315,0.0,2648,2369,0,0,0,0,0,0,0,0,0,0,0,0,0,0,0,0,
21,CERI651CLS,7,0,0,first_order,56.57982168735667,0.47896504402160645,7307,0.0094087761495141,0.0,10754,9604,0,0,0,0,0,0,0,0,0,0,0,0,0,0,0,0,
22,CERI651DLS,7,0,0,max_time,NaN,30.00023603439331,75052,NaN,0.0,1944869,149894,0,0,0,0,0,0,0,0,0,0,0,0,0,0,0,0,
23,CERI651ELS,7,0,0,first_order,23.68739393139794,0.2077178955078125,2847,0.00932699172395941,0.0,4223,3742,0,0,0,0,0,0,0,0,0,0,0,0,0,0,0,0,
24,CHNROSNB,50,0,0,first_order,3.993240786423319e-10,0.0060269832611083984,255,5.2159595258068836e-5,0.0,277,271,0,0,0,0,0,0,0,0,0,0,0,0,0,0,0,0,
25,CHNRSNBM,50,0,0,first_order,2.83790491515748e-10,0.009357929229736328,385,5.6685680849151726e-5,0.0,409,403,0,0,0,0,0,0,0,0,0,0,0,0,0,0,0,0,
26,CHWIRUT1LS,3,0,0,first_order,2384.4771393093506,0.0020008087158203125,30,0.0617159259511549,0.0,57,34,0,0,0,0,0,0,0,0,0,0,0,0,0,0,0,0,
27,CHWIRUT2LS,3,0,0,first_order,513.0480294068658,0.0011179447174072266,30,0.004365631077758567,0.0,55,35,0,0,0,0,0,0,0,0,0,0,0,0,0,0,0,0,
28,CLIFF,2,0,0,first_order,1.0074365893635723e6,0.00019598007202148438,3,1.0000119566035137,0.0,19,10,0,0,0,0,0,0,0,0,0,0,0,0,0,0,0,0,
29,CLUSTERLS,2,0,0,first_order,1.4549949456868766e-14,0.00026488304138183594,14,1.0224271776281711e-8,0.0,16,16,0,0,0,0,0,0,0,0,0,0,0,0,0,0,0,0,
30,COATING,134,0,0,first_order,0.5055978359442354,0.6623189449310303,8898,0.00030411233111658304,0.0,9644,9475,0,0,0,0,0,0,0,0,0,0,0,0,0,0,0,0,
31,COOLHANSLS,9,0,0,first_order,4.812515611595475e-5,0.0006940364837646484,39,0.05184425724385933,0.0,65,46,0,0,0,0,0,0,0,0,0,0,0,0,0,0,0,0,
32,CUBE,2,0,0,first_order,8.092134755619526e-13,0.00038504600524902344,31,2.5681023441108538e-5,0.0,46,38,0,0,0,0,0,0,0,0,0,0,0,0,0,0,0,0,
33,DANIWOODLS,2,0,0,first_order,103.917818,0.00014710426330566406,1,3.314439399163585e-27,0.0,2,2,0,0,0,0,0,0,0,0,0,0,0,0,0,0,0,0,
34,DANWOODLS,2,0,0,first_order,0.004317308409173669,0.0004467964172363281,21,1.274023805578487e-5,0.0,44,34,0,0,0,0,0,0,0,0,0,0,0,0,0,0,0,0,
35,DENSCHNA,2,0,0,first_order,4.674346721828689e-16,0.0002300739288330078,10,6.39432219783937e-8,0.0,13,12,0,0,0,0,0,0,0,0,0,0,0,0,0,0,0,0,
36,DENSCHNB,2,0,0,first_order,6.463463883008177e-19,0.00014710426330566406,8,2.0713069178964457e-9,0.0,10,10,0,0,0,0,0,0,0,0,0,0,0,0,0,0,0,0,
37,DENSCHNC,2,0,0,first_order,0.18336165467889867,0.00026106834411621094,15,5.419486103258682e-6,0.0,24,18,0,0,0,0,0,0,0,0,0,0,0,0,0,0,0,0,
38,DENSCHND,3,0,0,first_order,0.04164791097277411,0.00038814544677734375,24,0.8038160706856409,0.0,43,27,0,0,0,0,0,0,0,0,0,0,0,0,0,0,0,0,
39,DENSCHNE,3,0,0,first_order,2.479111291108761e-14,0.0003559589385986328,27,3.149038288568738e-7,0.0,56,35,0,0,0,0,0,0,0,0,0,0,0,0,0,0,0,0,
40,DENSCHNF,2,0,0,first_order,2.9204953300195635e-13,0.00022792816162109375,11,1.1260813202892102e-5,0.0,19,14,0,0,0,0,0,0,0,0,0,0,0,0,0,0,0,0,
41,DEVGLA1,4,0,0,first_order,2.6252602432781914e-13,0.0027039051055908203,58,0.00012699912863006605,0.0,92,74,0,0,0,0,0,0,0,0,0,0,0,0,0,0,0,0,
42,DEVGLA2,5,0,0,first_order,5.802678804536421e-12,0.004508018493652344,168,0.00012587061317674217,0.0,252,204,0,0,0,0,0,0,0,0,0,0,0,0,0,0,0,0,
43,DIAMON2DLS,66,0,0,first_order,13126.204035907984,0.09068989753723145,5,0.273350314089043,0.0,7,7,0,0,0,0,0,0,0,0,0,0,0,0,0,0,0,0,
44,DIAMON3DLS,99,0,0,first_order,12673.829238842956,0.05997109413146973,3,0.04460234028490123,0.0,4,4,0,0,0,0,0,0,0,0,0,0,0,0,0,0,0,0,
45,DJTL,2,0,0,first_order,-8951.54472374742,0.010584115982055664,922,4.904358206005752e-6,0.0,1673,1394,0,0,0,0,0,0,0,0,0,0,0,0,0,0,0,0,
46,DMN15102LS,66,0,0,first_order,13126.204035907984,0.08803296089172363,5,0.273350314089043,0.0,7,7,0,0,0,0,0,0,0,0,0,0,0,0,0,0,0,0,
47,DMN15103LS,99,0,0,first_order,12673.829238842956,0.07184386253356934,3,0.04460234028490123,0.0,4,4,0,0,0,0,0,0,0,0,0,0,0,0,0,0,0,0,
48,DMN15332LS,66,0,0,first_order,1736.5118194529966,1.5852220058441162,92,0.13937684528997252,0.0,129,115,0,0,0,0,0,0,0,0,0,0,0,0,0,0,0,0,
49,DMN15333LS,99,0,0,first_order,1672.3016939420384,1.2998900413513184,54,0.09198433598091378,0.0,80,69,0,0,0,0,0,0,0,0,0,0,0,0,0,0,0,0,
50,DMN37142LS,66,0,0,first_order,428.68001314315467,0.1460590362548828,8,0.016560888847372255,0.0,14,11,0,0,0,0,0,0,0,0,0,0,0,0,0,0,0,0,
51,DMN37143LS,99,0,0,max_time,280.7229898201369,30.007383823394775,1440,1.0627338714144965,0.0,1818,1653,0,0,0,0,0,0,0,0,0,0,0,0,0,0,0,0,
52,ECKERLE4LS,3,0,0,first_order,0.0014635887487274724,0.001413106918334961,39,5.730495459768323e-10,0.0,94,61,0,0,0,0,0,0,0,0,0,0,0,0,0,0,0,0,
53,EG2,1000,0,0,first_order,-998.9473933009841,0.0025548934936523438,4,1.6292032054816239e-6,0.0,12,6,0,0,0,0,0,0,0,0,0,0,0,0,0,0,0,0,
54,EGGCRATE,2,0,0,first_order,9.488197339106257,0.00020003318786621094,8,1.6309505574467637e-8,0.0,12,10,0,0,0,0,0,0,0,0,0,0,0,0,0,0,0,0,
55,ELATVIDU,2,0,0,first_order,54.75111864223129,0.00017499923706054688,10,4.6924190199096226e-6,0.0,24,16,0,0,0,0,0,0,0,0,0,0,0,0,0,0,0,0,
56,ENGVAL2,3,0,0,first_order,3.4901063739662773e-16,0.0008099079132080078,33,1.0893305384918686e-6,0.0,52,40,0,0,0,0,0,0,0,0,0,0,0,0,0,0,0,0,
57,ENSOLS,9,0,0,first_order,788.5397866669995,0.00797414779663086,33,3.900075186357345e-6,0.0,43,38,0,0,0,0,0,0,0,0,0,0,0,0,0,0,0,0,
58,ERRINROS,50,0,0,first_order,39.90415393021552,0.0029158592224121094,133,0.0016597351550267621,0.0,166,151,0,0,0,0,0,0,0,0,0,0,0,0,0,0,0,0,
59,ERRINRSM,50,0,0,first_order,37.729902908355996,0.009470224380493164,331,0.0017869420895882627,0.0,433,391,0,0,0,0,0,0,0,0,0,0,0,0,0,0,0,0,
60,EXP2,2,0,0,first_order,8.376021993003101e-19,0.0003008842468261719,11,6.680697548248533e-10,0.0,14,14,0,0,0,0,0,0,0,0,0,0,0,0,0,0,0,0,
61,EXPFIT,2,0,0,first_order,0.24051059399905822,0.00029206275939941406,14,1.2985469933579672e-7,0.0,21,18,0,0,0,0,0,0,0,0,0,0,0,0,0,0,0,0,
62,EXTROSNB,1000,0,0,first_order,1.122562729177771e-10,0.007035970687866211,28,0.0005432072786736264,0.0,38,32,0,0,0,0,0,0,0,0,0,0,0,0,0,0,0,0,
63,FBRAIN3LS,6,0,0,max_time,0.24096143854714638,30.00522208213806,7636,0.012459606351680166,0.0,11166,10126,0,0,0,0,0,0,0,0,0,0,0,0,0,0,0,0,
64,FLETCHCR,1000,0,0,first_order,5.965843711246691e-16,1.113011121749878,5076,6.661013354443411e-7,0.0,5550,5543,0,0,0,0,0,0,0,0,0,0,0,0,0,0,0,0,
65,GAUSS1LS,8,0,0,first_order,1315.8222432415341,0.5338730812072754,2914,0.002241732873191394,0.0,4429,3829,0,0,0,0,0,0,0,0,0,0,0,0,0,0,0,0,
66,GAUSS2LS,8,0,0,first_order,1247.528209335864,0.524799108505249,2992,0.010895171180391038,0.0,4460,3796,0,0,0,0,0,0,0,0,0,0,0,0,0,0,0,0,
67,GAUSS3LS,8,0,0,first_order,1244.484636057847,0.7100310325622559,4097,0.003005536052138931,0.0,6043,5047,0,0,0,0,0,0,0,0,0,0,0,0,0,0,0,0,
68,GAUSSIAN,3,0,0,first_order,1.1279327696189579e-8,0.00015401840209960938,5,1.674975889121607e-12,0.0,8,7,0,0,0,0,0,0,0,0,0,0,0,0,0,0,0,0,
69,GBRAINLS,2,0,0,first_order,28.51585818940283,0.0205991268157959,14,5.455691325660073e-6,0.0,29,17,0,0,0,0,0,0,0,0,0,0,0,0,0,0,0,0,
70,GENROSE,500,0,0,first_order,1.0000000000000144,0.13481998443603516,1117,3.925049211616849e-6,0.0,1231,1221,0,0,0,0,0,0,0,0,0,0,0,0,0,0,0,0,
71,GROWTHLS,3,0,0,first_order,3542.14903046,0.0001690387725830078,1,0.0,0.0,2,2,0,0,0,0,0,0,0,0,0,0,0,0,0,0,0,0,
72,GULF,3,0,0,first_order,6.64385753176481e-16,0.008269071578979492,60,2.729059948126646e-7,0.0,88,73,0,0,0,0,0,0,0,0,0,0,0,0,0,0,0,0,
73,HAHN1LS,7,0,0,first_order,55530.953492718145,0.00020503997802734375,1,2.0653202317362252e-10,0.0,2,2,0,0,0,0,0,0,0,0,0,0,0,0,0,0,0,0,
74,HAIRY,2,0,0,first_order,20.0,0.0005271434783935547,28,4.5825762289624506e-8,0.0,60,46,0,0,0,0,0,0,0,0,0,0,0,0,0,0,0,0,
75,HATFLDD,3,0,0,first_order,2.546894620815663e-7,0.0005929470062255859,33,2.533630249664259e-8,0.0,53,38,0,0,0,0,0,0,0,0,0,0,0,0,0,0,0,0,
76,HATFLDE,3,0,0,first_order,2.728742131008642e-6,0.0008320808410644531,29,5.750779444413677e-7,0.0,37,33,0,0,0,0,0,0,0,0,0,0,0,0,0,0,0,0,
77,HATFLDFL,3,0,0,max_time,6.016671702072249e-5,30.00001287460327,826884,0.0002685863338151217,0.0,21196286,1647704,0,0,0,0,0,0,0,0,0,0,0,0,0,0,0,0,
78,HATFLDFLS,3,0,0,first_order,4.156782955131945e-17,0.0008120536804199219,70,2.4486272303668137e-8,0.0,88,83,0,0,0,0,0,0,0,0,0,0,0,0,0,0,0,0,
79,HATFLDGLS,25,0,0,first_order,2.230217647869715e-13,0.0010578632354736328,66,4.956119520066826e-7,0.0,80,75,0,0,0,0,0,0,0,0,0,0,0,0,0,0,0,0,
80,HEART6LS,6,0,0,max_time,16.678171391437136,30.00001096725464,2485394,0.26106746558357796,0.0,4391534,4391377,0,0,0,0,0,0,0,0,0,0,0,0,0,0,0,0,
81,HEART8LS,8,0,0,first_order,3.917576352784933e-12,0.014976978302001953,1180,3.302028417860579e-6,0.0,1405,1333,0,0,0,0,0,0,0,0,0,0,0,0,0,0,0,0,
82,HELIX,3,0,0,first_order,3.873682863535356e-13,0.0004191398620605469,28,2.1199416779882895e-5,0.0,45,34,0,0,0,0,0,0,0,0,0,0,0,0,0,0,0,0,
83,HIELOW,3,0,0,first_order,874.1654321149672,0.07208514213562012,32,2.40361145820822e-5,0.0,48,35,0,0,0,0,0,0,0,0,0,0,0,0,0,0,0,0,
84,HILBERTA,2,0,0,first_order,3.219687691054195e-17,0.0001671314239501953,5,9.034621627078741e-9,0.0,6,6,0,0,0,0,0,0,0,0,0,0,0,0,0,0,0,0,
85,HILBERTB,10,0,0,first_order,1.957256161845549e-18,0.0003998279571533203,6,6.261251343314978e-9,0.0,9,8,0,0,0,0,0,0,0,0,0,0,0,0,0,0,0,0,
86,HIMMELBB,2,0,0,first_order,5.219575767588504e-11,0.00019311904907226562,6,0.002083926142516589,0.0,19,8,0,0,0,0,0,0,0,0,0,0,0,0,0,0,0,0,
87,HIMMELBCLS,2,0,0,first_order,2.7775723536375262e-15,0.0002269744873046875,8,5.043720186738751e-7,0.0,15,11,0,0,0,0,0,0,0,0,0,0,0,0,0,0,0,0,
88,HIMMELBF,4,0,0,first_order,318.5717487911244,0.0009138584136962891,75,2.4227993260353476e-5,0.0,106,89,0,0,0,0,0,0,0,0,0,0,0,0,0,0,0,0,
89,HIMMELBG,2,0,0,first_order,4.8846660946650156e-17,0.00021004676818847656,9,1.9773447213862493e-8,0.0,10,10,0,0,0,0,0,0,0,0,0,0,0,0,0,0,0,0,
90,HIMMELBH,2,0,0,first_order,-0.9999999999999998,0.00023603439331054688,8,7.358291534451164e-13,0.0,10,10,0,0,0,0,0,0,0,0,0,0,0,0,0,0,0,0,
91,HUMPS,2,0,0,first_order,9.5796312152352e-14,0.00152587890625,145,1.3841707207587558e-7,0.0,293,225,0,0,0,0,0,0,0,0,0,0,0,0,0,0,0,0,
92,HYDC20LS,99,0,0,max_time,0.0025468129497397993,30.000036001205444,344284,0.004857997410962988,0.0,359030,358737,0,0,0,0,0,0,0,0,0,0,0,0,0,0,0,0,
93,HYDCAR6LS,29,0,0,first_order,0.00036984788359380953,10.617120027542114,368135,6.410405068682974e-5,0.0,403854,396050,0,0,0,0,0,0,0,0,0,0,0,0,0,0,0,0,
94,INTEQNELS,502,0,0,first_order,1.1707890527672373e-15,0.043035030364990234,6,6.963418563905422e-8,0.0,8,8,0,0,0,0,0,0,0,0,0,0,0,0,0,0,0,0,
95,JENSMP,2,0,0,first_order,2020.0,0.00015282630920410156,1,0.0,0.0,2,2,0,0,0,0,0,0,0,0,0,0,0,0,0,0,0,0,
96,JUDGE,2,0,0,first_order,20.482337000490702,0.0002009868621826172,14,1.0736667501146813e-5,0.0,22,17,0,0,0,0,0,0,0,0,0,0,0,0,0,0,0,0,
97,KIRBY2LS,5,0,0,first_order,136170.5562657686,0.0010821819305419922,7,340.82511290381785,0.0,38,14,0,0,0,0,0,0,0,0,0,0,0,0,0,0,0,0,
98,KOWOSB,4,0,0,first_order,0.00030780094673338526,0.00048804283142089844,38,9.7161088414447e-9,0.0,45,43,0,0,0,0,0,0,0,0,0,0,0,0,0,0,0,0,
99,KSSLS,1000,0,0,first_order,0.07499730847921697,0.13600587844848633,6,546.6195087030707,0.0,24,8,0,0,0,0,0,0,0,0,0,0,0,0,0,0,0,0,
100,LANCZOS1LS,6,0,0,first_order,4.290622493051928e-6,0.003164052963256836,90,5.333215666028332e-7,0.0,117,106,0,0,0,0,0,0,0,0,0,0,0,0,0,0,0,0,
101,LANCZOS2LS,6,0,0,first_order,4.298221435725943e-6,0.0030651092529296875,106,1.23506658354693e-6,0.0,129,122,0,0,0,0,0,0,0,0,0,0,0,0,0,0,0,0,
102,LANCZOS3LS,6,0,0,first_order,4.34655591610781e-6,0.003495931625366211,117,1.198181976845788e-6,0.0,146,135,0,0,0,0,0,0,0,0,0,0,0,0,0,0,0,0,
103,LOGHAIRY,2,0,0,first_order,0.1823215567939546,0.000576019287109375,40,1.7116616641143397e-9,0.0,89,66,0,0,0,0,0,0,0,0,0,0,0,0,0,0,0,0,
104,LSC1LS,3,0,0,first_order,7.7118522388204065,0.0007340908050537109,58,2.878670702730258e-6,0.0,94,69,0,0,0,0,0,0,0,0,0,0,0,0,0,0,0,0,
105,LSC2LS,3,0,0,first_order,13.334381435640775,0.0009009838104248047,68,3.1841629414238254e-5,0.0,100,76,0,0,0,0,0,0,0,0,0,0,0,0,0,0,0,0,
106,LUKSAN11LS,100,0,0,first_order,4.122891677141467e-15,0.04371976852416992,1112,1.1921142335273266e-6,0.0,1252,1243,0,0,0,0,0,0,0,0,0,0,0,0,0,0,0,0,
107,LUKSAN12LS,98,0,0,first_order,1974.1133478321747,0.014976978302001953,318,4.116398905800248e-5,0.0,361,351,0,0,0,0,0,0,0,0,0,0,0,0,0,0,0,0,
108,LUKSAN13LS,98,0,0,first_order,25188.85958964518,0.006764888763427734,100,6.893143322461079e-5,0.0,120,113,0,0,0,0,0,0,0,0,0,0,0,0,0,0,0,0,
109,LUKSAN14LS,98,0,0,first_order,124.23253215879845,0.00687718391418457,120,0.00012272428600646642,0.0,136,129,0,0,0,0,0,0,0,0,0,0,0,0,0,0,0,0,
110,LUKSAN15LS,100,0,0,first_order,3.5696968772279765,0.01589202880859375,22,0.00014204360176370487,0.0,36,25,0,0,0,0,0,0,0,0,0,0,0,0,0,0,0,0,
111,LUKSAN16LS,100,0,0,first_order,3.569696877229025,0.005218029022216797,25,0.00028792892782033614,0.0,40,30,0,0,0,0,0,0,0,0,0,0,0,0,0,0,0,0,
112,LUKSAN17LS,100,0,0,first_order,0.49316172853558854,0.07109904289245605,246,0.005233334245603747,0.0,273,259,0,0,0,0,0,0,0,0,0,0,0,0,0,0,0,0,
113,LUKSAN21LS,100,0,0,first_order,8.229492112114497e-15,0.024821996688842773,784,5.53284319431982e-8,0.0,817,816,0,0,0,0,0,0,0,0,0,0,0,0,0,0,0,0,
114,LUKSAN22LS,100,0,0,first_order,868.9145989493909,0.015619993209838867,183,0.00010677885445653534,0.0,208,198,0,0,0,0,0,0,0,0,0,0,0,0,0,0,0,0,
115,MANCINO,100,0,0,first_order,2.5149127646279673e-7,0.05694985389709473,7,1.407289255342968,0.0,24,9,0,0,0,0,0,0,0,0,0,0,0,0,0,0,0,0,
116,MARATOSB,2,0,0,first_order,-1.0000000624976386,0.009500980377197266,1213,0.005578796756881657,0.0,1729,1560,0,0,0,0,0,0,0,0,0,0,0,0,0,0,0,0,
117,METHANB8LS,31,0,0,max_time,1.6901568190831525e-6,30.00001811981201,801577,1.2330601377835161e-5,0.0,1220576,1218877,0,0,0,0,0,0,0,0,0,0,0,0,0,0,0,0,
118,METHANL8LS,31,0,0,first_order,0.0007436394653616522,2.8723819255828857,96350,0.0007554878693683293,0.0,103365,102464,0,0,0,0,0,0,0,0,0,0,0,0,0,0,0,0,
119,MEXHAT,2,0,0,first_order,-0.03918020335153571,0.00037598609924316406,32,7.757794350500096,0.0,58,34,0,0,0,0,0,0,0,0,0,0,0,0,0,0,0,0,
120,MEYER3,3,0,0,first_order,3.490274875755669e7,0.0005550384521484375,20,29.348660329751453,0.0,39,26,0,0,0,0,0,0,0,0,0,0,0,0,0,0,0,0,
121,MGH09LS,4,0,0,first_order,0.001018978847552301,0.0007050037384033203,56,4.34168710450956e-7,0.0,66,62,0,0,0,0,0,0,0,0,0,0,0,0,0,0,0,0,
122,MGH10LS,3,0,0,first_order,1.3668561437594397e9,0.00023698806762695312,5,6.212597066032872e6,0.0,33,8,0,0,0,0,0,0,0,0,0,0,0,0,0,0,0,0,
123,MGH10SLS,3,0,0,first_order,1.22585131719379e15,0.00021982192993164062,1,7220.537708795214,0.0,7,3,0,0,0,0,0,0,0,0,0,0,0,0,0,0,0,0,
124,MGH17LS,5,0,0,first_order,1.0224320325913379,0.001024007797241211,18,3.7175053135376906e-5,0.0,27,22,0,0,0,0,0,0,0,0,0,0,0,0,0,0,0,0,
125,MGH17SLS,5,0,0,first_order,1.0224375057611208,0.0009539127349853516,28,3.7438576745788295e-6,0.0,43,36,0,0,0,0,0,0,0,0,0,0,0,0,0,0,0,0,
126,MISRA1ALS,2,0,0,first_order,19.51592439643631,0.0003180503845214844,8,0.2752334441744094,0.0,43,16,0,0,0,0,0,0,0,0,0,0,0,0,0,0,0,0,
127,MISRA1BLS,2,0,0,first_order,7.317532773516292,0.0003209114074707031,8,0.05969837745283504,0.0,45,16,0,0,0,0,0,0,0,0,0,0,0,0,0,0,0,0,
128,MISRA1CLS,2,0,0,first_order,4.745121889709102,0.00030303001403808594,8,0.18750617199422023,0.0,43,15,0,0,0,0,0,0,0,0,0,0,0,0,0,0,0,0,
129,MISRA1DLS,2,0,0,first_order,1.107091673882116,0.0003731250762939453,10,0.029312253567523993,0.0,41,15,0,0,0,0,0,0,0,0,0,0,0,0,0,0,0,0,
130,MNISTS0LS,494,0,0,first_order,11846.0,0.1999058723449707,1,0.0,0.0,2,2,0,0,0,0,0,0,0,0,0,0,0,0,0,0,0,0,
131,MNISTS5LS,494,0,0,first_order,10842.0,0.20255398750305176,1,0.0,0.0,2,2,0,0,0,0,0,0,0,0,0,0,0,0,0,0,0,0,
132,MUONSINELS,1,0,0,first_order,50997.762115147474,0.001867055892944336,5,3.9441756484848156e-5,0.0,16,7,0,0,0,0,0,0,0,0,0,0,0,0,0,0,0,0,
133,NELSONLS,3,0,0,max_time,NaN,30.000030994415283,167058,NaN,0.0,4012614,324956,0,0,0,0,0,0,0,0,0,0,0,0,0,0,0,0,
134,OSBORNEA,5,0,0,first_order,5.4648947163783497e-5,0.004786968231201172,177,5.864421831022664e-6,0.0,258,208,0,0,0,0,0,0,0,0,0,0,0,0,0,0,0,0,
135,OSBORNEB,11,0,0,first_order,0.0401377362936025,0.020206928253173828,318,1.0482618154662596e-7,0.0,351,346,0,0,0,0,0,0,0,0,0,0,0,0,0,0,0,0,
136,OSCIPATH,500,0,0,first_order,0.9999666655201664,0.0029959678649902344,16,1.6562830979550636e-8,0.0,27,18,0,0,0,0,0,0,0,0,0,0,0,0,0,0,0,0,
137,PALMER1C,8,0,0,first_order,170.24791161184964,0.015614986419677734,1079,6.727837908948599,0.0,1677,1254,0,0,0,0,0,0,0,0,0,0,0,0,0,0,0,0,
138,PALMER1D,7,0,0,first_order,27.85171116424982,0.015238046646118164,1347,0.5203973488208508,0.0,2017,1576,0,0,0,0,0,0,0,0,0,0,0,0,0,0,0,0,
139,PALMER2C,8,0,0,first_order,4.4330586147872175,0.006729841232299805,500,0.19063434885176092,0.0,747,574,0,0,0,0,0,0,0,0,0,0,0,0,0,0,0,0,
140,PALMER3C,8,0,0,first_order,0.15793417635361637,0.034037113189697266,3879,0.09167863942832041,0.0,5769,4551,0,0,0,0,0,0,0,0,0,0,0,0,0,0,0,0,
141,PALMER4C,8,0,0,first_order,0.38044508492220147,0.040162086486816406,2662,0.15838732924328897,0.0,3807,3079,0,0,0,0,0,0,0,0,0,0,0,0,0,0,0,0,
142,PALMER5C,6,0,0,first_order,2.128086643466378,0.0002498626708984375,14,1.4159251751383177e-5,0.0,18,16,0,0,0,0,0,0,0,0,0,0,0,0,0,0,0,0,
143,PALMER5D,4,0,0,first_order,87.33939475358561,0.0005028247833251953,32,1.208208726640181e-5,0.0,48,38,0,0,0,0,0,0,0,0,0,0,0,0,0,0,0,0,
144,PALMER6C,8,0,0,first_order,0.09786886884594238,0.021755218505859375,2666,0.015571342322773468,0.0,3970,3112,0,0,0,0,0,0,0,0,0,0,0,0,0,0,0,0,
145,PALMER7C,8,0,0,first_order,5.383779281841034,0.007988214492797852,913,0.05414857923311338,0.0,1305,1050,0,0,0,0,0,0,0,0,0,0,0,0,0,0,0,0,
146,PALMER8C,8,0,0,first_order,0.5903362674758564,0.01650094985961914,2078,0.017351448117339865,0.0,3077,2412,0,0,0,0,0,0,0,0,0,0,0,0,0,0,0,0,
147,PARKCH,15,0,0,max_time,NaN,30.01044201850891,346,NaN,0.0,8972,692,0,0,0,0,0,0,0,0,0,0,0,0,0,0,0,0,
148,PENALTY1,1000,0,0,first_order,1.3918623030606108e6,0.002785921096801758,14,162107.53623071822,0.0,38,16,0,0,0,0,0,0,0,0,0,0,0,0,0,0,0,0,
149,PENALTY2,200,0,0,first_order,4.711627728753193e13,0.015110969543457031,116,0.17779351297964383,0.0,136,121,0,0,0,0,0,0,0,0,0,0,0,0,0,0,0,0,
150,PENALTY3,200,0,0,max_time,0.0009965003508605507,30.02670693397522,584,0.16091013768558138,0.0,13553,1122,0,0,0,0,0,0,0,0,0,0,0,0,0,0,0,0,
151,POWELLBSLS,2,0,0,first_order,2.3460971229619696e-17,0.0014810562133789062,162,1.2829160042248509e-6,0.0,224,200,0,0,0,0,0,0,0,0,0,0,0,0,0,0,0,0,
152,POWELLSQLS,2,0,0,first_order,6.728291072196187e-11,0.0064470767974853516,896,1.6111840904441369e-6,0.0,1342,1227,0,0,0,0,0,0,0,0,0,0,0,0,0,0,0,0,
153,POWERSUM,4,0,0,first_order,37.431446699256256,0.00033092498779296875,7,3.4303297979931813e-9,0.0,18,9,0,0,0,0,0,0,0,0,0,0,0,0,0,0,0,0,
154,PRICE3,2,0,0,first_order,1.1158670035290756e-14,0.0002429485321044922,13,1.1219275069298211e-6,0.0,23,15,0,0,0,0,0,0,0,0,0,0,0,0,0,0,0,0,
155,PRICE4,2,0,0,first_order,2.531632666377401e-8,0.0003719329833984375,32,6.0375101229810135e-5,0.0,48,36,0,0,0,0,0,0,0,0,0,0,0,0,0,0,0,0,
156,QING,100,0,0,first_order,4.585441211132857e-12,0.0019528865814208984,61,3.255307423811281e-5,0.0,72,68,0,0,0,0,0,0,0,0,0,0,0,0,0,0,0,0,
157,RAT42LS,3,0,0,max_time,NaN,30.000017881393433,636962,NaN,0.0,16560997,1273933,0,0,0,0,0,0,0,0,0,0,0,0,0,0,0,0,
158,RAT43LS,4,0,0,first_order,1.0764615963733331e6,0.00026988983154296875,3,7.958078640513122e-13,0.0,7,5,0,0,0,0,0,0,0,0,0,0,0,0,0,0,0,0,
159,RECIPELS,3,0,0,first_order,8.353514600749435e-11,0.0003230571746826172,24,1.962577757000723e-6,0.0,31,27,0,0,0,0,0,0,0,0,0,0,0,0,0,0,0,0,
160,ROSENBR,2,0,0,first_order,1.445605332105295e-17,0.00042700767517089844,39,8.411308266965997e-8,0.0,52,45,0,0,0,0,0,0,0,0,0,0,0,0,0,0,0,0,
161,ROSENBRTU,2,0,0,first_order,2.75664485101088e-26,0.0014119148254394531,144,7.272128464903628e-12,0.0,214,187,0,0,0,0,0,0,0,0,0,0,0,0,0,0,0,0,
162,ROSZMAN1LS,4,0,0,first_order,0.15686701455200774,0.0005719661712646484,14,0.00022828553886158602,0.0,39,19,0,0,0,0,0,0,0,0,0,0,0,0,0,0,0,0,
163,S308,2,0,0,first_order,0.7731990564930258,0.0002338886260986328,10,7.048192723036933e-7,0.0,15,12,0,0,0,0,0,0,0,0,0,0,0,0,0,0,0,0,
164,SENSORS,100,0,0,first_order,-2101.78125,0.20950698852539062,35,7.634450464417768e-7,0.0,47,43,0,0,0,0,0,0,0,0,0,0,0,0,0,0,0,0,
165,SINEVAL,2,0,0,first_order,1.6825526789529748e-21,0.0007050037384033203,72,3.454888737167034e-9,0.0,96,89,0,0,0,0,0,0,0,0,0,0,0,0,0,0,0,0,
166,SISSER,2,0,0,first_order,1.2034421318216633e-10,0.00026917457580566406,15,1.766179365630607e-7,0.0,18,17,0,0,0,0,0,0,0,0,0,0,0,0,0,0,0,0,
167,SNAIL,2,0,0,first_order,2.671483318264638e-16,0.00028204917907714844,10,3.2689346367375865e-8,0.0,16,16,0,0,0,0,0,0,0,0,0,0,0,0,0,0,0,0,
168,SPIN2LS,102,0,0,first_order,8.19831804305792e-12,0.004705905914306641,7,0.00012363599475964543,0.0,16,10,0,0,0,0,0,0,0,0,0,0,0,0,0,0,0,0,
169,SSI,3,0,0,max_time,9.025709891606053e-9,30.000004053115845,5134426,7.861133391495882e-5,0.0,6321634,6321192,0,0,0,0,0,0,0,0,0,0,0,0,0,0,0,0,
170,STRATEC,10,0,0,max_time,2330.47513457299,30.02307415008545,825,245.26099558594993,0.0,1211,958,0,0,0,0,0,0,0,0,0,0,0,0,0,0,0,0,
171,STREG,4,0,0,first_order,110.44728325476532,0.00029015541076660156,12,5.683542510209574,0.0,31,14,0,0,0,0,0,0,0,0,0,0,0,0,0,0,0,0,
172,STRTCHDV,10,0,0,first_order,2.2696090313546088e-10,0.0007989406585693359,25,7.096197891201726e-7,0.0,31,27,0,0,0,0,0,0,0,0,0,0,0,0,0,0,0,0,
173,THURBERLS,7,0,0,first_order,5643.114362566154,0.048406124114990234,3111,2.9815451858184194,0.0,3663,3437,0,0,0,0,0,0,0,0,0,0,0,0,0,0,0,0,
174,TOINTGOR,50,0,0,first_order,1373.9054606636569,0.0052411556243896484,144,8.027775722069861e-6,0.0,153,150,0,0,0,0,0,0,0,0,0,0,0,0,0,0,0,0,
175,TOINTPSP,50,0,0,first_order,225.56040942188588,0.00360107421875,135,9.449111448313408e-7,0.0,155,151,0,0,0,0,0,0,0,0,0,0,0,0,0,0,0,0,
176,TOINTQOR,50,0,0,first_order,1175.4722221461693,0.0009059906005859375,43,1.5461086605359345e-6,0.0,49,47,0,0,0,0,0,0,0,0,0,0,0,0,0,0,0,0,
177,TRIGON1,10,0,0,first_order,4.8160841833085765e-15,0.0008721351623535156,50,3.4095879427661774e-7,0.0,57,53,0,0,0,0,0,0,0,0,0,0,0,0,0,0,0,0,
178,TRIGON2,10,0,0,first_order,12.665816168505822,0.0017108917236328125,82,2.423975798087709e-6,0.0,110,95,0,0,0,0,0,0,0,0,0,0,0,0,0,0,0,0,
179,VANDANMSLS,22,0,0,first_order,7.797368757639201,0.002577066421508789,51,3.8256153025111874e-8,0.0,65,59,0,0,0,0,0,0,0,0,0,0,0,0,0,0,0,0,
180,VARDIM,200,0,0,first_order,403612.91341367504,0.0018091201782226562,25,1.0494762219295181e8,0.0,56,32,0,0,0,0,0,0,0,0,0,0,0,0,0,0,0,0,
181,VESUVIALS,8,0,0,first_order,3461.245244803627,0.00899505615234375,9,0.029900029268193677,0.0,40,16,0,0,0,0,0,0,0,0,0,0,0,0,0,0,0,0,
182,VESUVIOLS,8,0,0,first_order,1464.6004440854886,2.019727945327759,3436,1.550898955226369,0.0,4104,3923,0,0,0,0,0,0,0,0,0,0,0,0,0,0,0,0,
183,VESUVIOULS,8,0,0,first_order,0.4771193496847822,2.008512020111084,3515,0.0009759078153692678,0.0,3891,3782,0,0,0,0,0,0,0,0,0,0,0,0,0,0,0,0,
184,VIBRBEAM,8,0,0,first_order,8.78411343495997,0.053056955337524414,1140,7.827655146959103,0.0,1459,1292,0,0,0,0,0,0,0,0,0,0,0,0,0,0,0,0,
185,WATSON,12,0,0,first_order,1.5500075606269922e-7,0.011131048202514648,631,2.9521322642536942e-6,0.0,760,707,0,0,0,0,0,0,0,0,0,0,0,0,0,0,0,0,
186,WAYSEA1,2,0,0,first_order,5.604307603345923e-11,0.0003409385681152344,19,0.0008508366249161743,0.0,42,28,0,0,0,0,0,0,0,0,0,0,0,0,0,0,0,0,
187,WAYSEA2,2,0,0,first_order,3.838179524449124e-14,0.0004189014434814453,16,2.724043971159952e-7,0.0,24,18,0,0,0,0,0,0,0,0,0,0,0,0,0,0,0,0,
188,YFITU,3,0,0,first_order,6.724839873734936e-13,0.001371145248413086,76,2.7093113153922734e-5,0.0,104,92,0,0,0,0,0,0,0,0,0,0,0,0,0,0,0,0,
189,ZANGWIL2,2,0,0,first_order,-18.200000009100002,0.00019884109497070312,2,0.0,0.0,3,3,0,0,0,0,0,0,0,0,0,0,0,0,0,0,0,0,
